url,name,price,rating,reviews,asin,description,manufacturer,product_description
https://www.amazon.in/Wesley-Milestone-Waterproof-Backpack-Business/dp/B084JGJ8PF/ref=ice_ac_b_dpb,Wesley Milestone 2.0 Casual Waterproof Laptop Backpack/Office Bag/School Bag/College Bag/Business Bag/Travel Backpack (Dimensions:13x18 inches) (Compatible with 15.6 inch laptop) 30 L (Blue & black),499,4.3 out of 5 stars,"13,255",,,,
https://www.amazon.in/American-Tourister-AMT-SCH-02/dp/B07CJCGM1M,American Tourister Fizz Large Size 32 Ltrs Casual Backpack (BLACK),"1,098",4.0 out of 5 stars,"56,371",,,,
https://www.amazon.in/FUR-JADEN-Leatherette-Polypropylene-DUFF05/dp/B07M9BRCQ5,Fur Jaden Brown Textured Leatherette Stylish & Spacious Weekender Duffle Bag for Travel,799,4.3 out of 5 stars,"6,894",,,,
https://www.amazon.in/s/ref=sxin_15_trfobq2av2?rh=n%3A14737350031&k=bags&i=specialty-aps&srs=14737350031&pd_rd_w=JbQTC&content-id=amzn1.sym.7abeb195-8e0b-4e74-aede-b7cb234213a5:amzn1.sym.7abeb195-8e0b-4e74-aede-b7cb234213a5&pf_rd_p=7abeb195-8e0b-4e74-aede-b7cb234213a5&pf_rd_r=1K6SY70JWXJ6NKB8DGYP&pd_rd_wg=gVlme&pd_rd_r=360b89e8-43e0-4e18-b3df-74107f6599b2&qid=1697736810,"Amazon Basics Opel Laptop Bag/Office/College Backpack for 15.6 inch laptop(20 L, Grey)",499,4.0 out of 5 stars,Amazon’s private and select curated brands,,,,
https://www.amazon.in/Amazon-Basics-Laptop-College-Backpack/dp/B0C8NSJ4RD?sbo=RZvfv%2F%2FHxDF%2BO5021pAnSA%3D%3D,"Amazon Basics Opel Laptop Bag/Office/College Backpack for 15.6 inch laptop(20 L, Grey)",499,4.0 out of 5 stars,8,,,,
https://www.amazon.in/Amazon-Basics-Laptop-Backpack-Repellent/dp/B09W3XLDM2?sbo=RZvfv%2F%2FHxDF%2BO5021pAnSA%3D%3D,Amazon Basics Laptop Backpack,599,4.2 out of 5 stars,642,,,,
https://www.amazon.in/Amazon-Basics-Casual-Backpack-15-6-inch/dp/B09W4WJ1CB?sbo=RZvfv%2F%2FHxDF%2BO5021pAnSA%3D%3D,Amazon Basics 20 ltrs Casual/Travel/College Backpack for 15.6-inch Laptop | Water Resistant Fabric,359,4.0 out of 5 stars,422,,,,
https://www.amazon.in/MosQuick%C2%AE-Drawstring-Organizing-Stationery-multipurpose/dp/B09SB5DP5Y?sbo=EO%2BcdOgoisx3waG5xqcZQA%3D%3D,"MosQuick® Clear large Drawstring Bags Clear Plastic Travel Bags, Travel Garments Organizing Storage Plastic Bags ,Shoe bags , Stationery Bag,multipurpose bag - Translucent",289,4.2 out of 5 stars,92,,,,
https://www.amazon.in/Amazon-Brand-Presto-Oxo-Biodegradable-Garbage/dp/B08TDCD79P?sbo=RZvfv%2F%2FHxDF%2BO5021pAnSA%3D%3D,"Presto! Oxo-Biodegradable Garbage Bags, Small (17 x 19 inches) - 30 bags/roll (Pack of 3, Black)",220,4.2 out of 5 stars,"1,036",,,,
https://www.amazon.in/Amazon-Brand-Presto-Oxo-Biodegradable-Garbage/dp/B08TDH2LCP?sbo=RZvfv%2F%2FHxDF%2BO5021pAnSA%3D%3D,"Presto! Oxo-Biodegradable Garbage Bags (Black, Medium, 19 x 21 inches) - 30 Bags/ Roll - Pack of 3(Plastic)",169,4.2 out of 5 stars,"1,088",,,,
https://www.amazon.in/Amazon-Brand-Presto-Oxo-Biodegradable-Garbage/dp/B08TDGVLVM?sbo=RZvfv%2F%2FHxDF%2BO5021pAnSA%3D%3D,"Presto! Oxo-Biodegradable Garbage Bags, Small - 30 bags/roll (Pack of 6, Green, For Wet Waste)",299,4.4 out of 5 stars,544,,,,
https://www.amazon.in/Amazon-Brand-Presto-Oxo-Biodegradable-Garbage/dp/B0821PKWBW?sbo=Tc8eqSFhUl4VwMzbE4fw%2Fw%3D%3D,"Presto! Oxo-Biodegradable Garbage Bags, Small - 30 bags/roll (Pack of 6, plastic, Black)",259,4.3 out of 5 stars,"15,933",,,,
https://www.amazon.in/gp/bestsellers/computers/1375464031/ref=sr_bs_3_1375464031_1,"Lenovo 15.6"" (39.62cm) Slim Everyday Backpack, Made in India, Compact, Water-resistant, Organized storage:Laptop sleeve,tablet pocket,front workstation,2-side pockets,Padded adjustable shoulder straps",449,4.4 out of 5 stars,"5,289",,,,
https://www.amazon.in/ADISA-BP010-Weight-Casual-Backpack/dp/B07MXL986B,ADISA 32 Ltrs Water Resistant Casual Travel Bagpack/College Backpack/School Office Bag for Men and Women,374,3.9 out of 5 stars,"4,295",,,,
https://www.amazon.in/Safari-Laptop-Backpack-Raincover-college/dp/B097JH4V5G,"Safari Omega 30L Laptop Backpack with Raincover, school bag for boys and girls, college bag, office bag, travel bag for men and women, Teal",699,4.0 out of 5 stars,164,,"Safari Omega is a multi-purpose 2 compartment spacious laptop backpack suitable for office, travel, school. It comes with 2 front pockets and an organizer. The compression straps make your travelling comfortable by restricting the movement of items inside the backpack. It also comes with a rain cover ensuring protection throughout the year. Reflective strips will provide assistance during night travel. All in all it's a fully packed product that caters to all your daily travel needs.",,"Product Dimensions
                                    ‏
                                        :
                                    ‎
                                 19 x 32 x 48.5 cm; 490 Grams   Date First Available
                                    ‏
                                        :
                                    ‎
                                 6 July 2023   Manufacturer
                                    ‏
                                        :
                                    ‎
                                 Safari   ASIN
                                    ‏
                                        :
                                    ‎
                                 B097JH4V5G   Item model number
                                    ‏
                                        :
                                    ‎
                                 OMEGA19FBTEA   Country of Origin
                                    ‏
                                        :
                                    ‎
                                 India   Department
                                    ‏
                                        :
                                    ‎
                                 unisex-adult   Manufacturer
                                    ‏
                                        :
                                    ‎
                                 Safari, Safari Industries Ltd 301/302, A-Wing, The Qube, M.V.Road, Marol, Andheri(East), Near international Airport Mumbai- 400059 +91-22-40381851/838   Packer
                                    ‏
                                        :
                                    ‎
                                 Safari Industries Ltd 301/302, A-Wing, The Qube, M.V.Road, Marol, Andheri(East), Near international Airport Mumbai- 400059 +91-22-40381851/838   Importer
                                    ‏
                                        :
                                    ‎
                                 Imported and Marketed by Safari Industries Ltd 301/302, A-Wing, The Qube, M.V.Road, Marol, Andheri(East), Near international Airport Mumbai- 400059 +91-22-40381851/838   Item Weight
                                    ‏
                                        :
                                    ‎
                                 490 g   Item Dimensions LxWxH
                                    ‏
                                        :
                                    ‎
                                 19 x 32 x 48.5 Centimeters   Net Quantity
                                    ‏
                                        :
                                    ‎
                                 1 Count   Generic Name
                                    ‏
                                        :
                                    ‎
                                 Backpack"
https://www.amazon.in/Ezee-Garbage-Bag-inches-Pieces/dp/B06VX8YR6Q,Ezee Black Medium Garbage Bags 90 Pcs | 19 X 21 Inch | 30 Pcs x Pack of 3 | Dustbin Trash Bag,155,4.2 out of 5 stars,"28,709",,,,
https://www.amazon.in/Wesley-Spartan-Hiking-Raincover-Organiser/dp/B098QFF5TJ,Wesley Spartan Unisex Travel Hiking Laptop Bag fits Upto 17.3 inch with Raincover and Internal Organiser Backpack Rucksack College Bag,689,4.1 out of 5 stars,"1,959",,,,
https://www.amazon.in/Police-Polyester-laptop-casual-backpack/dp/B09CQ5T3LN,POLICE Backpack for Men Casual Laptop Bag Office/Travel/College 30 LTR Hedge Polyester - Black- Medium,"1,329",3.8 out of 5 stars,"1,339",,,,
https://www.amazon.in/TRUE-HUMAN-Anti-Theft-backpack-charging/dp/B09QJ7ZF2Y,TRUE HUMAN EMPEROR® Anti-Theft backpack With USB charging Port Laptop bag/Office bag/college bag/travel bag with anti -theft back pocket (LEGEND),529,3.7 out of 5 stars,"2,775",,,,
https://www.amazon.in/ADISA-BP004-Weight-Casual-Backpack/dp/B07G3CG9FC,ADISA Laptop Backpack 31 Ltrs,349,4.0 out of 5 stars,"9,234",,,,
https://www.amazon.in/Number-Backpack-Compartment-Charging-Organizer/dp/B09VTDMRY7,"FUR JADEN Anti Theft Number Lock Backpack Bag with 15.6 Inch Laptop Compartment, USB Charging Port & Organizer Pocket for Men Women Boys Girls",649,4.1 out of 5 stars,"6,693",,,,
https://www.amazon.in/Half-Moon-Backpack-Luggage-Compartment/dp/B09VCLZ3K4,Half Moon Large 37L Laptop Bag Backpack for menं Women Boys and Girls Luggage Travel Bags with 17.3 inches Laptop Compartment & Rain Cover,689,3.9 out of 5 stars,"3,857",,,,
https://www.amazon.in/Shalimar-Premium-Garbage-Medium-Rolls/dp/B07KT9Q54M,Shalimar Premium OXO - Biodegradable Garbage Bags (Medium) Size 19 x 21 Inches 4 Rolls 120 Bags Dustbin Bag/Trash Bag - Black Color,269,4.5 out of 5 stars,"18,734",,,,
https://www.amazon.in/Number-Backpack-Compartment-Charging-Organizer/dp/B09VTCNN75,"FUR JADEN Anti Theft Number Lock Backpack Bag with 15.6 Inch Laptop Compartment, USB Charging Port & Organizer Pocket for Men Women Boys Girls",639,4.1 out of 5 stars,"6,693",,,,
https://www.amazon.in/Half-Moon-Waterproof-Backpack-Students/dp/B085MHDJ93,"Half Moon 35L Water Resistant 15.6 inch Laptop Bag/ Backpack, Navy Blue | Office Bag for Men and Women with Padded Laptop Compartment | Rain Cover & Reflective Strips",399,3.9 out of 5 stars,"17,623",,,,
https://www.amazon.in/Wesley-Milestone-Waterproof-Backpack-Business/dp/B084JGJ8PF/ref=ice_ac_b_dpb,Wesley Milestone 2.0 Casual Waterproof Laptop Backpack/Office Bag/School Bag/College Bag/Business Bag/Travel Backpack (Dimensions:13x18 inches) (Compatible with 15.6 inch laptop) 30 L (Blue & black),499,4.3 out of 5 stars,"13,255",,,,
https://www.amazon.in/American-Tourister-AMT-SCH-02/dp/B07CJCGM1M,American Tourister Fizz Large Size 32 Ltrs Casual Backpack (BLACK),"1,098",4.0 out of 5 stars,"56,371",,,,
https://www.amazon.in/FUR-JADEN-Leatherette-Polypropylene-DUFF05/dp/B07M9BRCQ5,Fur Jaden Brown Textured Leatherette Stylish & Spacious Weekender Duffle Bag for Travel,799,4.3 out of 5 stars,"6,894",,,,
https://www.amazon.in/s/ref=sxin_15_trfobq2av2?rh=n%3A14737350031&k=bags&i=specialty-aps&srs=14737350031&pd_rd_w=VzySv&content-id=amzn1.sym.7abeb195-8e0b-4e74-aede-b7cb234213a5:amzn1.sym.7abeb195-8e0b-4e74-aede-b7cb234213a5&pf_rd_p=7abeb195-8e0b-4e74-aede-b7cb234213a5&pf_rd_r=YZ60TCCAHAZAZCP1Q9EA&pd_rd_wg=edj2d&pd_rd_r=89775ab5-7cf6-4f87-bfa6-1ff2578f3d44&qid=1697736816,"Amazon Basics Opel Laptop Bag/Office/College Backpack for 15.6 inch laptop(20 L, Grey)",499,4.0 out of 5 stars,Amazon’s private and select curated brands,,,,
https://www.amazon.in/Amazon-Basics-Laptop-College-Backpack/dp/B0C8NSJ4RD?sbo=RZvfv%2F%2FHxDF%2BO5021pAnSA%3D%3D,"Amazon Basics Opel Laptop Bag/Office/College Backpack for 15.6 inch laptop(20 L, Grey)",499,4.0 out of 5 stars,8,,,,
https://www.amazon.in/Amazon-Basics-Laptop-Backpack-Repellent/dp/B09W3XLDM2?sbo=RZvfv%2F%2FHxDF%2BO5021pAnSA%3D%3D,Amazon Basics Laptop Backpack,599,4.2 out of 5 stars,642,,,,
https://www.amazon.in/Amazon-Basics-Casual-Backpack-15-6-inch/dp/B09W4WJ1CB?sbo=RZvfv%2F%2FHxDF%2BO5021pAnSA%3D%3D,Amazon Basics 20 ltrs Casual/Travel/College Backpack for 15.6-inch Laptop | Water Resistant Fabric,359,4.0 out of 5 stars,422,,,,
https://www.amazon.in/MosQuick%C2%AE-Drawstring-Organizing-Stationery-multipurpose/dp/B09SB5DP5Y?sbo=EO%2BcdOgoisx3waG5xqcZQA%3D%3D,"MosQuick® Clear large Drawstring Bags Clear Plastic Travel Bags, Travel Garments Organizing Storage Plastic Bags ,Shoe bags , Stationery Bag,multipurpose bag - Translucent",289,4.2 out of 5 stars,92,,,,
https://www.amazon.in/Amazon-Brand-Presto-Oxo-Biodegradable-Garbage/dp/B08TDCD79P?sbo=RZvfv%2F%2FHxDF%2BO5021pAnSA%3D%3D,"Presto! Oxo-Biodegradable Garbage Bags, Small (17 x 19 inches) - 30 bags/roll (Pack of 3, Black)",220,4.2 out of 5 stars,"1,036",,,,
https://www.amazon.in/Amazon-Brand-Presto-Oxo-Biodegradable-Garbage/dp/B08TDH2LCP?sbo=RZvfv%2F%2FHxDF%2BO5021pAnSA%3D%3D,"Presto! Oxo-Biodegradable Garbage Bags (Black, Medium, 19 x 21 inches) - 30 Bags/ Roll - Pack of 3(Plastic)",169,4.2 out of 5 stars,"1,088",,,,
https://www.amazon.in/Amazon-Brand-Presto-Oxo-Biodegradable-Garbage/dp/B08TDGVLVM?sbo=RZvfv%2F%2FHxDF%2BO5021pAnSA%3D%3D,"Presto! Oxo-Biodegradable Garbage Bags, Small - 30 bags/roll (Pack of 6, Green, For Wet Waste)",299,4.4 out of 5 stars,544,,,,
https://www.amazon.in/Amazon-Brand-Presto-Oxo-Biodegradable-Garbage/dp/B0821PKWBW?sbo=Tc8eqSFhUl4VwMzbE4fw%2Fw%3D%3D,"Presto! Oxo-Biodegradable Garbage Bags, Small - 30 bags/roll (Pack of 6, plastic, Black)",259,4.3 out of 5 stars,"15,933",,,,
https://www.amazon.in/gp/bestsellers/computers/1375464031/ref=sr_bs_3_1375464031_1,"Lenovo 15.6"" (39.62cm) Slim Everyday Backpack, Made in India, Compact, Water-resistant, Organized storage:Laptop sleeve,tablet pocket,front workstation,2-side pockets,Padded adjustable shoulder straps",449,4.4 out of 5 stars,"5,289",,,,
https://www.amazon.in/ADISA-BP010-Weight-Casual-Backpack/dp/B07MXL986B,ADISA 32 Ltrs Water Resistant Casual Travel Bagpack/College Backpack/School Office Bag for Men and Women,374,3.9 out of 5 stars,"4,295",,,,
https://www.amazon.in/Safari-Laptop-Backpack-Raincover-college/dp/B097JH4V5G,"Safari Omega 30L Laptop Backpack with Raincover, school bag for boys and girls, college bag, office bag, travel bag for men and women, Teal",699,4.0 out of 5 stars,164,,,,
https://www.amazon.in/Ezee-Garbage-Bag-inches-Pieces/dp/B06VX8YR6Q,Ezee Black Medium Garbage Bags 90 Pcs | 19 X 21 Inch | 30 Pcs x Pack of 3 | Dustbin Trash Bag,155,4.2 out of 5 stars,"28,709",,,,
https://www.amazon.in/Wesley-Spartan-Hiking-Raincover-Organiser/dp/B098QFF5TJ,Wesley Spartan Unisex Travel Hiking Laptop Bag fits Upto 17.3 inch with Raincover and Internal Organiser Backpack Rucksack College Bag,689,4.1 out of 5 stars,"1,959",,,,
https://www.amazon.in/Police-Polyester-laptop-casual-backpack/dp/B09CQ5T3LN,POLICE Backpack for Men Casual Laptop Bag Office/Travel/College 30 LTR Hedge Polyester - Black- Medium,"1,329",3.8 out of 5 stars,"1,339",,,,
https://www.amazon.in/TRUE-HUMAN-Anti-Theft-backpack-charging/dp/B09QJ7ZF2Y,TRUE HUMAN EMPEROR® Anti-Theft backpack With USB charging Port Laptop bag/Office bag/college bag/travel bag with anti -theft back pocket (LEGEND),529,3.7 out of 5 stars,"2,775",,,,
https://www.amazon.in/ADISA-BP004-Weight-Casual-Backpack/dp/B07G3CG9FC,ADISA Laptop Backpack 31 Ltrs,349,4.0 out of 5 stars,"9,234",,,,
https://www.amazon.in/Number-Backpack-Compartment-Charging-Organizer/dp/B09VTDMRY7,"FUR JADEN Anti Theft Number Lock Backpack Bag with 15.6 Inch Laptop Compartment, USB Charging Port & Organizer Pocket for Men Women Boys Girls",649,4.1 out of 5 stars,"6,693",,,,
https://www.amazon.in/Half-Moon-Backpack-Luggage-Compartment/dp/B09VCLZ3K4,Half Moon Large 37L Laptop Bag Backpack for menं Women Boys and Girls Luggage Travel Bags with 17.3 inches Laptop Compartment & Rain Cover,689,3.9 out of 5 stars,"3,857",,,,
https://www.amazon.in/Shalimar-Premium-Garbage-Medium-Rolls/dp/B07KT9Q54M,Shalimar Premium OXO - Biodegradable Garbage Bags (Medium) Size 19 x 21 Inches 4 Rolls 120 Bags Dustbin Bag/Trash Bag - Black Color,269,4.5 out of 5 stars,"18,734",,,,
https://www.amazon.in/Number-Backpack-Compartment-Charging-Organizer/dp/B09VTCNN75,"FUR JADEN Anti Theft Number Lock Backpack Bag with 15.6 Inch Laptop Compartment, USB Charging Port & Organizer Pocket for Men Women Boys Girls",639,4.1 out of 5 stars,"6,693",,,,
https://www.amazon.in/Half-Moon-Waterproof-Backpack-Students/dp/B085MHDJ93,"Half Moon 35L Water Resistant 15.6 inch Laptop Bag/ Backpack, Navy Blue | Office Bag for Men and Women with Padded Laptop Compartment | Rain Cover & Reflective Strips",399,3.9 out of 5 stars,"17,623",,,,
https://www.amazon.in/Wesley-Milestone-Waterproof-Backpack-Business/dp/B084JGJ8PF/ref=ice_ac_b_dpb,Wesley Milestone 2.0 Casual Waterproof Laptop Backpack/Office Bag/School Bag/College Bag/Business Bag/Travel Backpack (Dimensions:13x18 inches) (Compatible with 15.6 inch laptop) 30 L (Blue & black),499,4.3 out of 5 stars,"13,255",,,,
https://www.amazon.in/American-Tourister-AMT-SCH-02/dp/B07CJCGM1M,American Tourister Fizz Large Size 32 Ltrs Casual Backpack (BLACK),"1,098",4.0 out of 5 stars,"56,371",,,,
https://www.amazon.in/FUR-JADEN-Leatherette-Polypropylene-DUFF05/dp/B07M9BRCQ5,Fur Jaden Brown Textured Leatherette Stylish & Spacious Weekender Duffle Bag for Travel,799,4.3 out of 5 stars,"6,894",,,,
https://www.amazon.in/s/ref=sxin_15_trfobq2av2?rh=n%3A14737350031&k=bags&i=specialty-aps&srs=14737350031&pd_rd_w=mc8X2&content-id=amzn1.sym.7abeb195-8e0b-4e74-aede-b7cb234213a5:amzn1.sym.7abeb195-8e0b-4e74-aede-b7cb234213a5&pf_rd_p=7abeb195-8e0b-4e74-aede-b7cb234213a5&pf_rd_r=MGCJM7PTHFA0ZQ9Y6NEG&pd_rd_wg=4QfAd&pd_rd_r=23d5b2bc-971f-4933-b998-60d721fd5e90&qid=1697736819,"Amazon Basics Opel Laptop Bag/Office/College Backpack for 15.6 inch laptop(20 L, Grey)",499,4.0 out of 5 stars,Amazon’s private and select curated brands,,,,
https://www.amazon.in/Amazon-Basics-Laptop-College-Backpack/dp/B0C8NSJ4RD?sbo=RZvfv%2F%2FHxDF%2BO5021pAnSA%3D%3D,"Amazon Basics Opel Laptop Bag/Office/College Backpack for 15.6 inch laptop(20 L, Grey)",499,4.0 out of 5 stars,8,,,,
https://www.amazon.in/Amazon-Basics-Laptop-Backpack-Repellent/dp/B09W3XLDM2?sbo=RZvfv%2F%2FHxDF%2BO5021pAnSA%3D%3D,Amazon Basics Laptop Backpack,599,4.2 out of 5 stars,642,,,,
https://www.amazon.in/Amazon-Basics-Casual-Backpack-15-6-inch/dp/B09W4WJ1CB?sbo=RZvfv%2F%2FHxDF%2BO5021pAnSA%3D%3D,Amazon Basics 20 ltrs Casual/Travel/College Backpack for 15.6-inch Laptop | Water Resistant Fabric,359,4.0 out of 5 stars,422,,,,
https://www.amazon.in/MosQuick%C2%AE-Drawstring-Organizing-Stationery-multipurpose/dp/B09SB5DP5Y?sbo=EO%2BcdOgoisx3waG5xqcZQA%3D%3D,"MosQuick® Clear large Drawstring Bags Clear Plastic Travel Bags, Travel Garments Organizing Storage Plastic Bags ,Shoe bags , Stationery Bag,multipurpose bag - Translucent",289,4.2 out of 5 stars,92,,,,
https://www.amazon.in/Amazon-Brand-Presto-Oxo-Biodegradable-Garbage/dp/B08TDCD79P?sbo=RZvfv%2F%2FHxDF%2BO5021pAnSA%3D%3D,"Presto! Oxo-Biodegradable Garbage Bags, Small (17 x 19 inches) - 30 bags/roll (Pack of 3, Black)",220,4.2 out of 5 stars,"1,036",,,,
https://www.amazon.in/Amazon-Brand-Presto-Oxo-Biodegradable-Garbage/dp/B08TDH2LCP?sbo=RZvfv%2F%2FHxDF%2BO5021pAnSA%3D%3D,"Presto! Oxo-Biodegradable Garbage Bags (Black, Medium, 19 x 21 inches) - 30 Bags/ Roll - Pack of 3(Plastic)",169,4.2 out of 5 stars,"1,088",,,,
https://www.amazon.in/Amazon-Brand-Presto-Oxo-Biodegradable-Garbage/dp/B08TDGVLVM?sbo=RZvfv%2F%2FHxDF%2BO5021pAnSA%3D%3D,"Presto! Oxo-Biodegradable Garbage Bags, Small - 30 bags/roll (Pack of 6, Green, For Wet Waste)",299,4.4 out of 5 stars,544,,,,
https://www.amazon.in/Amazon-Brand-Presto-Oxo-Biodegradable-Garbage/dp/B0821PKWBW?sbo=Tc8eqSFhUl4VwMzbE4fw%2Fw%3D%3D,"Presto! Oxo-Biodegradable Garbage Bags, Small - 30 bags/roll (Pack of 6, plastic, Black)",259,4.3 out of 5 stars,"15,933",,,,
https://www.amazon.in/gp/bestsellers/computers/1375464031/ref=sr_bs_3_1375464031_1,"Lenovo 15.6"" (39.62cm) Slim Everyday Backpack, Made in India, Compact, Water-resistant, Organized storage:Laptop sleeve,tablet pocket,front workstation,2-side pockets,Padded adjustable shoulder straps",449,4.4 out of 5 stars,"5,289",,,,
https://www.amazon.in/ADISA-BP010-Weight-Casual-Backpack/dp/B07MXL986B,ADISA 32 Ltrs Water Resistant Casual Travel Bagpack/College Backpack/School Office Bag for Men and Women,374,3.9 out of 5 stars,"4,295",,,,
https://www.amazon.in/Safari-Laptop-Backpack-Raincover-college/dp/B097JH4V5G,"Safari Omega 30L Laptop Backpack with Raincover, school bag for boys and girls, college bag, office bag, travel bag for men and women, Teal",699,4.0 out of 5 stars,164,,,,
https://www.amazon.in/Ezee-Garbage-Bag-inches-Pieces/dp/B06VX8YR6Q,Ezee Black Medium Garbage Bags 90 Pcs | 19 X 21 Inch | 30 Pcs x Pack of 3 | Dustbin Trash Bag,155,4.2 out of 5 stars,"28,709",,,,
https://www.amazon.in/Wesley-Spartan-Hiking-Raincover-Organiser/dp/B098QFF5TJ,Wesley Spartan Unisex Travel Hiking Laptop Bag fits Upto 17.3 inch with Raincover and Internal Organiser Backpack Rucksack College Bag,689,4.1 out of 5 stars,"1,959",,,,
https://www.amazon.in/Police-Polyester-laptop-casual-backpack/dp/B09CQ5T3LN,POLICE Backpack for Men Casual Laptop Bag Office/Travel/College 30 LTR Hedge Polyester - Black- Medium,"1,329",3.8 out of 5 stars,"1,339",,,,
https://www.amazon.in/TRUE-HUMAN-Anti-Theft-backpack-charging/dp/B09QJ7ZF2Y,TRUE HUMAN EMPEROR® Anti-Theft backpack With USB charging Port Laptop bag/Office bag/college bag/travel bag with anti -theft back pocket (LEGEND),529,3.7 out of 5 stars,"2,775",,,,
https://www.amazon.in/ADISA-BP004-Weight-Casual-Backpack/dp/B07G3CG9FC,ADISA Laptop Backpack 31 Ltrs,349,4.0 out of 5 stars,"9,234",,,,
https://www.amazon.in/Number-Backpack-Compartment-Charging-Organizer/dp/B09VTDMRY7,"FUR JADEN Anti Theft Number Lock Backpack Bag with 15.6 Inch Laptop Compartment, USB Charging Port & Organizer Pocket for Men Women Boys Girls",649,4.1 out of 5 stars,"6,693",,,,
https://www.amazon.in/Half-Moon-Backpack-Luggage-Compartment/dp/B09VCLZ3K4,Half Moon Large 37L Laptop Bag Backpack for menं Women Boys and Girls Luggage Travel Bags with 17.3 inches Laptop Compartment & Rain Cover,689,3.9 out of 5 stars,"3,857",,,,
https://www.amazon.in/Shalimar-Premium-Garbage-Medium-Rolls/dp/B07KT9Q54M,Shalimar Premium OXO - Biodegradable Garbage Bags (Medium) Size 19 x 21 Inches 4 Rolls 120 Bags Dustbin Bag/Trash Bag - Black Color,269,4.5 out of 5 stars,"18,734",,,,
https://www.amazon.in/Number-Backpack-Compartment-Charging-Organizer/dp/B09VTCNN75,"FUR JADEN Anti Theft Number Lock Backpack Bag with 15.6 Inch Laptop Compartment, USB Charging Port & Organizer Pocket for Men Women Boys Girls",639,4.1 out of 5 stars,"6,693",,,,
https://www.amazon.in/Half-Moon-Waterproof-Backpack-Students/dp/B085MHDJ93,"Half Moon 35L Water Resistant 15.6 inch Laptop Bag/ Backpack, Navy Blue | Office Bag for Men and Women with Padded Laptop Compartment | Rain Cover & Reflective Strips",399,3.9 out of 5 stars,"17,623",,,,
https://www.amazon.in/Wesley-Milestone-Waterproof-Backpack-Business/dp/B084JGJ8PF/ref=ice_ac_b_dpb,Wesley Milestone 2.0 Casual Waterproof Laptop Backpack/Office Bag/School Bag/College Bag/Business Bag/Travel Backpack (Dimensions:13x18 inches) (Compatible with 15.6 inch laptop) 30 L (Blue & black),499,4.3 out of 5 stars,"13,255",,,,
https://www.amazon.in/American-Tourister-AMT-SCH-02/dp/B07CJCGM1M,American Tourister Fizz Large Size 32 Ltrs Casual Backpack (BLACK),"1,098",4.0 out of 5 stars,"56,371",,,,
https://www.amazon.in/FUR-JADEN-Leatherette-Polypropylene-DUFF05/dp/B07M9BRCQ5,Fur Jaden Brown Textured Leatherette Stylish & Spacious Weekender Duffle Bag for Travel,799,4.3 out of 5 stars,"6,894",,,,
https://www.amazon.in/s/ref=sxin_15_trfobq2av2?rh=n%3A14737350031&k=bags&i=specialty-aps&srs=14737350031&pd_rd_w=dWx6k&content-id=amzn1.sym.7abeb195-8e0b-4e74-aede-b7cb234213a5:amzn1.sym.7abeb195-8e0b-4e74-aede-b7cb234213a5&pf_rd_p=7abeb195-8e0b-4e74-aede-b7cb234213a5&pf_rd_r=FYRQMRJ0F4EHZBEZC60M&pd_rd_wg=iTbvW&pd_rd_r=415f1013-a4ae-42e1-b6ef-4b32ccb2c5e9&qid=1697736822,"Amazon Basics Opel Laptop Bag/Office/College Backpack for 15.6 inch laptop(20 L, Grey)",499,4.0 out of 5 stars,Amazon’s private and select curated brands,,,,
https://www.amazon.in/Amazon-Basics-Laptop-College-Backpack/dp/B0C8NSJ4RD?sbo=RZvfv%2F%2FHxDF%2BO5021pAnSA%3D%3D,"Amazon Basics Opel Laptop Bag/Office/College Backpack for 15.6 inch laptop(20 L, Grey)",499,4.0 out of 5 stars,8,,,,
https://www.amazon.in/Amazon-Basics-Laptop-Backpack-Repellent/dp/B09W3XLDM2?sbo=RZvfv%2F%2FHxDF%2BO5021pAnSA%3D%3D,Amazon Basics Laptop Backpack,599,4.2 out of 5 stars,642,,,,
https://www.amazon.in/Amazon-Basics-Casual-Backpack-15-6-inch/dp/B09W4WJ1CB?sbo=RZvfv%2F%2FHxDF%2BO5021pAnSA%3D%3D,Amazon Basics 20 ltrs Casual/Travel/College Backpack for 15.6-inch Laptop | Water Resistant Fabric,359,4.0 out of 5 stars,422,,,,
https://www.amazon.in/MosQuick%C2%AE-Drawstring-Organizing-Stationery-multipurpose/dp/B09SB5DP5Y?sbo=EO%2BcdOgoisx3waG5xqcZQA%3D%3D,"MosQuick® Clear large Drawstring Bags Clear Plastic Travel Bags, Travel Garments Organizing Storage Plastic Bags ,Shoe bags , Stationery Bag,multipurpose bag - Translucent",289,4.2 out of 5 stars,92,,,,
https://www.amazon.in/Amazon-Brand-Presto-Oxo-Biodegradable-Garbage/dp/B08TDCD79P?sbo=RZvfv%2F%2FHxDF%2BO5021pAnSA%3D%3D,"Presto! Oxo-Biodegradable Garbage Bags, Small (17 x 19 inches) - 30 bags/roll (Pack of 3, Black)",220,4.2 out of 5 stars,"1,036",,,,
https://www.amazon.in/Amazon-Brand-Presto-Oxo-Biodegradable-Garbage/dp/B08TDH2LCP?sbo=RZvfv%2F%2FHxDF%2BO5021pAnSA%3D%3D,"Presto! Oxo-Biodegradable Garbage Bags (Black, Medium, 19 x 21 inches) - 30 Bags/ Roll - Pack of 3(Plastic)",169,4.2 out of 5 stars,"1,088",,,,
https://www.amazon.in/Amazon-Brand-Presto-Oxo-Biodegradable-Garbage/dp/B08TDGVLVM?sbo=RZvfv%2F%2FHxDF%2BO5021pAnSA%3D%3D,"Presto! Oxo-Biodegradable Garbage Bags, Small - 30 bags/roll (Pack of 6, Green, For Wet Waste)",299,4.4 out of 5 stars,544,,,,
https://www.amazon.in/Amazon-Brand-Presto-Oxo-Biodegradable-Garbage/dp/B0821PKWBW?sbo=Tc8eqSFhUl4VwMzbE4fw%2Fw%3D%3D,"Presto! Oxo-Biodegradable Garbage Bags, Small - 30 bags/roll (Pack of 6, plastic, Black)",259,4.3 out of 5 stars,"15,933",,,,
https://www.amazon.in/gp/bestsellers/computers/1375464031/ref=sr_bs_3_1375464031_1,"Lenovo 15.6"" (39.62cm) Slim Everyday Backpack, Made in India, Compact, Water-resistant, Organized storage:Laptop sleeve,tablet pocket,front workstation,2-side pockets,Padded adjustable shoulder straps",449,4.4 out of 5 stars,"5,289",,,,
https://www.amazon.in/ADISA-BP010-Weight-Casual-Backpack/dp/B07MXL986B,ADISA 32 Ltrs Water Resistant Casual Travel Bagpack/College Backpack/School Office Bag for Men and Women,374,3.9 out of 5 stars,"4,295",,,,
https://www.amazon.in/Safari-Laptop-Backpack-Raincover-college/dp/B097JH4V5G,"Safari Omega 30L Laptop Backpack with Raincover, school bag for boys and girls, college bag, office bag, travel bag for men and women, Teal",699,4.0 out of 5 stars,164,,,,
https://www.amazon.in/Ezee-Garbage-Bag-inches-Pieces/dp/B06VX8YR6Q,Ezee Black Medium Garbage Bags 90 Pcs | 19 X 21 Inch | 30 Pcs x Pack of 3 | Dustbin Trash Bag,155,4.2 out of 5 stars,"28,709",,,,
https://www.amazon.in/Wesley-Spartan-Hiking-Raincover-Organiser/dp/B098QFF5TJ,Wesley Spartan Unisex Travel Hiking Laptop Bag fits Upto 17.3 inch with Raincover and Internal Organiser Backpack Rucksack College Bag,689,4.1 out of 5 stars,"1,959",,,,
https://www.amazon.in/Police-Polyester-laptop-casual-backpack/dp/B09CQ5T3LN,POLICE Backpack for Men Casual Laptop Bag Office/Travel/College 30 LTR Hedge Polyester - Black- Medium,"1,329",3.8 out of 5 stars,"1,339",,,,
https://www.amazon.in/TRUE-HUMAN-Anti-Theft-backpack-charging/dp/B09QJ7ZF2Y,TRUE HUMAN EMPEROR® Anti-Theft backpack With USB charging Port Laptop bag/Office bag/college bag/travel bag with anti -theft back pocket (LEGEND),529,3.7 out of 5 stars,"2,775",,,,
https://www.amazon.in/ADISA-BP004-Weight-Casual-Backpack/dp/B07G3CG9FC,ADISA Laptop Backpack 31 Ltrs,349,4.0 out of 5 stars,"9,234",,,,
https://www.amazon.in/Number-Backpack-Compartment-Charging-Organizer/dp/B09VTDMRY7,"FUR JADEN Anti Theft Number Lock Backpack Bag with 15.6 Inch Laptop Compartment, USB Charging Port & Organizer Pocket for Men Women Boys Girls",649,4.1 out of 5 stars,"6,693",,,,
https://www.amazon.in/Half-Moon-Backpack-Luggage-Compartment/dp/B09VCLZ3K4,Half Moon Large 37L Laptop Bag Backpack for menं Women Boys and Girls Luggage Travel Bags with 17.3 inches Laptop Compartment & Rain Cover,689,3.9 out of 5 stars,"3,857",,,,
https://www.amazon.in/Shalimar-Premium-Garbage-Medium-Rolls/dp/B07KT9Q54M,Shalimar Premium OXO - Biodegradable Garbage Bags (Medium) Size 19 x 21 Inches 4 Rolls 120 Bags Dustbin Bag/Trash Bag - Black Color,269,4.5 out of 5 stars,"18,734",,,,
https://www.amazon.in/Number-Backpack-Compartment-Charging-Organizer/dp/B09VTCNN75,"FUR JADEN Anti Theft Number Lock Backpack Bag with 15.6 Inch Laptop Compartment, USB Charging Port & Organizer Pocket for Men Women Boys Girls",639,4.1 out of 5 stars,"6,693",,,,
https://www.amazon.in/Half-Moon-Waterproof-Backpack-Students/dp/B085MHDJ93,"Half Moon 35L Water Resistant 15.6 inch Laptop Bag/ Backpack, Navy Blue | Office Bag for Men and Women with Padded Laptop Compartment | Rain Cover & Reflective Strips",399,3.9 out of 5 stars,"17,623",,,,
https://www.amazon.in/Wesley-Milestone-Waterproof-Backpack-Business/dp/B084JGJ8PF/ref=ice_ac_b_dpb,Wesley Milestone 2.0 Casual Waterproof Laptop Backpack/Office Bag/School Bag/College Bag/Business Bag/Travel Backpack (Dimensions:13x18 inches) (Compatible with 15.6 inch laptop) 30 L (Blue & black),499,4.3 out of 5 stars,"13,255",,,,
https://www.amazon.in/American-Tourister-AMT-SCH-02/dp/B07CJCGM1M,American Tourister Fizz Large Size 32 Ltrs Casual Backpack (BLACK),"1,098",4.0 out of 5 stars,"56,371",,,,
https://www.amazon.in/FUR-JADEN-Leatherette-Polypropylene-DUFF05/dp/B07M9BRCQ5,Fur Jaden Brown Textured Leatherette Stylish & Spacious Weekender Duffle Bag for Travel,799,4.3 out of 5 stars,"6,894",,,,
https://www.amazon.in/s/ref=sxin_15_trfobq2av2?rh=n%3A14737350031&k=bags&i=specialty-aps&srs=14737350031&pd_rd_w=EFD9j&content-id=amzn1.sym.7abeb195-8e0b-4e74-aede-b7cb234213a5:amzn1.sym.7abeb195-8e0b-4e74-aede-b7cb234213a5&pf_rd_p=7abeb195-8e0b-4e74-aede-b7cb234213a5&pf_rd_r=MX5DTWJ7XKG9JB0MY84A&pd_rd_wg=8qGN0&pd_rd_r=b71af2cb-c240-4f56-9edc-f21cb48ef54a&qid=1697736824,"Amazon Basics Opel Laptop Bag/Office/College Backpack for 15.6 inch laptop(20 L, Grey)",499,4.0 out of 5 stars,Amazon’s private and select curated brands,,,,
https://www.amazon.in/Amazon-Basics-Laptop-College-Backpack/dp/B0C8NSJ4RD?sbo=RZvfv%2F%2FHxDF%2BO5021pAnSA%3D%3D,"Amazon Basics Opel Laptop Bag/Office/College Backpack for 15.6 inch laptop(20 L, Grey)",499,4.0 out of 5 stars,8,,,,
https://www.amazon.in/Amazon-Basics-Laptop-Backpack-Repellent/dp/B09W3XLDM2?sbo=RZvfv%2F%2FHxDF%2BO5021pAnSA%3D%3D,Amazon Basics Laptop Backpack,599,4.2 out of 5 stars,642,,,,
https://www.amazon.in/Amazon-Basics-Casual-Backpack-15-6-inch/dp/B09W4WJ1CB?sbo=RZvfv%2F%2FHxDF%2BO5021pAnSA%3D%3D,Amazon Basics 20 ltrs Casual/Travel/College Backpack for 15.6-inch Laptop | Water Resistant Fabric,359,4.0 out of 5 stars,422,,,,
https://www.amazon.in/MosQuick%C2%AE-Drawstring-Organizing-Stationery-multipurpose/dp/B09SB5DP5Y?sbo=EO%2BcdOgoisx3waG5xqcZQA%3D%3D,"MosQuick® Clear large Drawstring Bags Clear Plastic Travel Bags, Travel Garments Organizing Storage Plastic Bags ,Shoe bags , Stationery Bag,multipurpose bag - Translucent",289,4.2 out of 5 stars,92,,,,
https://www.amazon.in/Amazon-Brand-Presto-Oxo-Biodegradable-Garbage/dp/B08TDCD79P?sbo=RZvfv%2F%2FHxDF%2BO5021pAnSA%3D%3D,"Presto! Oxo-Biodegradable Garbage Bags, Small (17 x 19 inches) - 30 bags/roll (Pack of 3, Black)",220,4.2 out of 5 stars,"1,036",,,,
https://www.amazon.in/Amazon-Brand-Presto-Oxo-Biodegradable-Garbage/dp/B08TDH2LCP?sbo=RZvfv%2F%2FHxDF%2BO5021pAnSA%3D%3D,"Presto! Oxo-Biodegradable Garbage Bags (Black, Medium, 19 x 21 inches) - 30 Bags/ Roll - Pack of 3(Plastic)",169,4.2 out of 5 stars,"1,088",,,,
https://www.amazon.in/Amazon-Brand-Presto-Oxo-Biodegradable-Garbage/dp/B08TDGVLVM?sbo=RZvfv%2F%2FHxDF%2BO5021pAnSA%3D%3D,"Presto! Oxo-Biodegradable Garbage Bags, Small - 30 bags/roll (Pack of 6, Green, For Wet Waste)",299,4.4 out of 5 stars,544,,,,
https://www.amazon.in/Amazon-Brand-Presto-Oxo-Biodegradable-Garbage/dp/B0821PKWBW?sbo=Tc8eqSFhUl4VwMzbE4fw%2Fw%3D%3D,"Presto! Oxo-Biodegradable Garbage Bags, Small - 30 bags/roll (Pack of 6, plastic, Black)",259,4.3 out of 5 stars,"15,933",,,,
https://www.amazon.in/gp/bestsellers/computers/1375464031/ref=sr_bs_3_1375464031_1,"Lenovo 15.6"" (39.62cm) Slim Everyday Backpack, Made in India, Compact, Water-resistant, Organized storage:Laptop sleeve,tablet pocket,front workstation,2-side pockets,Padded adjustable shoulder straps",449,4.4 out of 5 stars,"5,289",,,,
https://www.amazon.in/ADISA-BP010-Weight-Casual-Backpack/dp/B07MXL986B,ADISA 32 Ltrs Water Resistant Casual Travel Bagpack/College Backpack/School Office Bag for Men and Women,374,3.9 out of 5 stars,"4,295",,,,
https://www.amazon.in/Safari-Laptop-Backpack-Raincover-college/dp/B097JH4V5G,"Safari Omega 30L Laptop Backpack with Raincover, school bag for boys and girls, college bag, office bag, travel bag for men and women, Teal",699,4.0 out of 5 stars,164,,,,
https://www.amazon.in/Ezee-Garbage-Bag-inches-Pieces/dp/B06VX8YR6Q,Ezee Black Medium Garbage Bags 90 Pcs | 19 X 21 Inch | 30 Pcs x Pack of 3 | Dustbin Trash Bag,155,4.2 out of 5 stars,"28,709",,,,
https://www.amazon.in/Wesley-Spartan-Hiking-Raincover-Organiser/dp/B098QFF5TJ,Wesley Spartan Unisex Travel Hiking Laptop Bag fits Upto 17.3 inch with Raincover and Internal Organiser Backpack Rucksack College Bag,689,4.1 out of 5 stars,"1,959",,,,
https://www.amazon.in/Police-Polyester-laptop-casual-backpack/dp/B09CQ5T3LN,POLICE Backpack for Men Casual Laptop Bag Office/Travel/College 30 LTR Hedge Polyester - Black- Medium,"1,329",3.8 out of 5 stars,"1,339",,,,
https://www.amazon.in/TRUE-HUMAN-Anti-Theft-backpack-charging/dp/B09QJ7ZF2Y,TRUE HUMAN EMPEROR® Anti-Theft backpack With USB charging Port Laptop bag/Office bag/college bag/travel bag with anti -theft back pocket (LEGEND),529,3.7 out of 5 stars,"2,775",,,,
https://www.amazon.in/ADISA-BP004-Weight-Casual-Backpack/dp/B07G3CG9FC,ADISA Laptop Backpack 31 Ltrs,349,4.0 out of 5 stars,"9,234",,,,
https://www.amazon.in/Number-Backpack-Compartment-Charging-Organizer/dp/B09VTDMRY7,"FUR JADEN Anti Theft Number Lock Backpack Bag with 15.6 Inch Laptop Compartment, USB Charging Port & Organizer Pocket for Men Women Boys Girls",649,4.1 out of 5 stars,"6,693",,,,
https://www.amazon.in/Half-Moon-Backpack-Luggage-Compartment/dp/B09VCLZ3K4,Half Moon Large 37L Laptop Bag Backpack for menं Women Boys and Girls Luggage Travel Bags with 17.3 inches Laptop Compartment & Rain Cover,689,3.9 out of 5 stars,"3,857",,,,
https://www.amazon.in/Shalimar-Premium-Garbage-Medium-Rolls/dp/B07KT9Q54M,Shalimar Premium OXO - Biodegradable Garbage Bags (Medium) Size 19 x 21 Inches 4 Rolls 120 Bags Dustbin Bag/Trash Bag - Black Color,269,4.5 out of 5 stars,"18,734",,,,
https://www.amazon.in/Number-Backpack-Compartment-Charging-Organizer/dp/B09VTCNN75,"FUR JADEN Anti Theft Number Lock Backpack Bag with 15.6 Inch Laptop Compartment, USB Charging Port & Organizer Pocket for Men Women Boys Girls",639,4.1 out of 5 stars,"6,693",,,,
https://www.amazon.in/Half-Moon-Waterproof-Backpack-Students/dp/B085MHDJ93,"Half Moon 35L Water Resistant 15.6 inch Laptop Bag/ Backpack, Navy Blue | Office Bag for Men and Women with Padded Laptop Compartment | Rain Cover & Reflective Strips",399,3.9 out of 5 stars,"17,623",,,,
https://www.amazon.in/Wesley-Milestone-Waterproof-Backpack-Business/dp/B084JGJ8PF/ref=ice_ac_b_dpb,Wesley Milestone 2.0 Casual Waterproof Laptop Backpack/Office Bag/School Bag/College Bag/Business Bag/Travel Backpack (Dimensions:13x18 inches) (Compatible with 15.6 inch laptop) 30 L (Blue & black),499,4.3 out of 5 stars,"13,255",,,,
https://www.amazon.in/American-Tourister-AMT-SCH-02/dp/B07CJCGM1M,American Tourister Fizz Large Size 32 Ltrs Casual Backpack (BLACK),"1,098",4.0 out of 5 stars,"56,371",,,,
https://www.amazon.in/FUR-JADEN-Leatherette-Polypropylene-DUFF05/dp/B07M9BRCQ5,Fur Jaden Brown Textured Leatherette Stylish & Spacious Weekender Duffle Bag for Travel,799,4.3 out of 5 stars,"6,894",,,,
https://www.amazon.in/s/ref=sxin_15_trfobq2av2?rh=n%3A14737350031&k=bags&i=specialty-aps&srs=14737350031&pd_rd_w=9bdFg&content-id=amzn1.sym.7abeb195-8e0b-4e74-aede-b7cb234213a5:amzn1.sym.7abeb195-8e0b-4e74-aede-b7cb234213a5&pf_rd_p=7abeb195-8e0b-4e74-aede-b7cb234213a5&pf_rd_r=XRF8ZFH22R0N1YQBBSRB&pd_rd_wg=qSpjc&pd_rd_r=8dbae9e5-07f6-4e0f-b938-710d295c4cc0&qid=1697736826,"Amazon Basics Opel Laptop Bag/Office/College Backpack for 15.6 inch laptop(20 L, Grey)",499,4.0 out of 5 stars,Amazon’s private and select curated brands,,,,
https://www.amazon.in/Amazon-Basics-Laptop-College-Backpack/dp/B0C8NSJ4RD?sbo=RZvfv%2F%2FHxDF%2BO5021pAnSA%3D%3D,"Amazon Basics Opel Laptop Bag/Office/College Backpack for 15.6 inch laptop(20 L, Grey)",499,4.0 out of 5 stars,8,,,,
https://www.amazon.in/Amazon-Basics-Laptop-Backpack-Repellent/dp/B09W3XLDM2?sbo=RZvfv%2F%2FHxDF%2BO5021pAnSA%3D%3D,Amazon Basics Laptop Backpack,599,4.2 out of 5 stars,642,,,,
https://www.amazon.in/Amazon-Basics-Casual-Backpack-15-6-inch/dp/B09W4WJ1CB?sbo=RZvfv%2F%2FHxDF%2BO5021pAnSA%3D%3D,Amazon Basics 20 ltrs Casual/Travel/College Backpack for 15.6-inch Laptop | Water Resistant Fabric,359,4.0 out of 5 stars,422,,,,
https://www.amazon.in/MosQuick%C2%AE-Drawstring-Organizing-Stationery-multipurpose/dp/B09SB5DP5Y?sbo=EO%2BcdOgoisx3waG5xqcZQA%3D%3D,"MosQuick® Clear large Drawstring Bags Clear Plastic Travel Bags, Travel Garments Organizing Storage Plastic Bags ,Shoe bags , Stationery Bag,multipurpose bag - Translucent",289,4.2 out of 5 stars,92,,,,
https://www.amazon.in/Amazon-Brand-Presto-Oxo-Biodegradable-Garbage/dp/B08TDCD79P?sbo=RZvfv%2F%2FHxDF%2BO5021pAnSA%3D%3D,"Presto! Oxo-Biodegradable Garbage Bags, Small (17 x 19 inches) - 30 bags/roll (Pack of 3, Black)",220,4.2 out of 5 stars,"1,036",,,,
https://www.amazon.in/Amazon-Brand-Presto-Oxo-Biodegradable-Garbage/dp/B08TDH2LCP?sbo=RZvfv%2F%2FHxDF%2BO5021pAnSA%3D%3D,"Presto! Oxo-Biodegradable Garbage Bags (Black, Medium, 19 x 21 inches) - 30 Bags/ Roll - Pack of 3(Plastic)",169,4.2 out of 5 stars,"1,088",,,,
https://www.amazon.in/Amazon-Brand-Presto-Oxo-Biodegradable-Garbage/dp/B08TDGVLVM?sbo=RZvfv%2F%2FHxDF%2BO5021pAnSA%3D%3D,"Presto! Oxo-Biodegradable Garbage Bags, Small - 30 bags/roll (Pack of 6, Green, For Wet Waste)",299,4.4 out of 5 stars,544,,,,
https://www.amazon.in/Amazon-Brand-Presto-Oxo-Biodegradable-Garbage/dp/B0821PKWBW?sbo=Tc8eqSFhUl4VwMzbE4fw%2Fw%3D%3D,"Presto! Oxo-Biodegradable Garbage Bags, Small - 30 bags/roll (Pack of 6, plastic, Black)",259,4.3 out of 5 stars,"15,933",,,,
https://www.amazon.in/gp/bestsellers/computers/1375464031/ref=sr_bs_3_1375464031_1,"Lenovo 15.6"" (39.62cm) Slim Everyday Backpack, Made in India, Compact, Water-resistant, Organized storage:Laptop sleeve,tablet pocket,front workstation,2-side pockets,Padded adjustable shoulder straps",449,4.4 out of 5 stars,"5,289",,,,
https://www.amazon.in/ADISA-BP010-Weight-Casual-Backpack/dp/B07MXL986B,ADISA 32 Ltrs Water Resistant Casual Travel Bagpack/College Backpack/School Office Bag for Men and Women,374,3.9 out of 5 stars,"4,295",,,,
https://www.amazon.in/Safari-Laptop-Backpack-Raincover-college/dp/B097JH4V5G,"Safari Omega 30L Laptop Backpack with Raincover, school bag for boys and girls, college bag, office bag, travel bag for men and women, Teal",699,4.0 out of 5 stars,164,,,,
https://www.amazon.in/Ezee-Garbage-Bag-inches-Pieces/dp/B06VX8YR6Q,Ezee Black Medium Garbage Bags 90 Pcs | 19 X 21 Inch | 30 Pcs x Pack of 3 | Dustbin Trash Bag,155,4.2 out of 5 stars,"28,709",,,,
https://www.amazon.in/Wesley-Spartan-Hiking-Raincover-Organiser/dp/B098QFF5TJ,Wesley Spartan Unisex Travel Hiking Laptop Bag fits Upto 17.3 inch with Raincover and Internal Organiser Backpack Rucksack College Bag,689,4.1 out of 5 stars,"1,959",,,,
https://www.amazon.in/Police-Polyester-laptop-casual-backpack/dp/B09CQ5T3LN,POLICE Backpack for Men Casual Laptop Bag Office/Travel/College 30 LTR Hedge Polyester - Black- Medium,"1,329",3.8 out of 5 stars,"1,339",,,,
https://www.amazon.in/TRUE-HUMAN-Anti-Theft-backpack-charging/dp/B09QJ7ZF2Y,TRUE HUMAN EMPEROR® Anti-Theft backpack With USB charging Port Laptop bag/Office bag/college bag/travel bag with anti -theft back pocket (LEGEND),529,3.7 out of 5 stars,"2,775",,,,
https://www.amazon.in/ADISA-BP004-Weight-Casual-Backpack/dp/B07G3CG9FC,ADISA Laptop Backpack 31 Ltrs,349,4.0 out of 5 stars,"9,234",,,,
https://www.amazon.in/Number-Backpack-Compartment-Charging-Organizer/dp/B09VTDMRY7,"FUR JADEN Anti Theft Number Lock Backpack Bag with 15.6 Inch Laptop Compartment, USB Charging Port & Organizer Pocket for Men Women Boys Girls",649,4.1 out of 5 stars,"6,693",,,,
https://www.amazon.in/Half-Moon-Backpack-Luggage-Compartment/dp/B09VCLZ3K4,Half Moon Large 37L Laptop Bag Backpack for menं Women Boys and Girls Luggage Travel Bags with 17.3 inches Laptop Compartment & Rain Cover,689,3.9 out of 5 stars,"3,857",,,,
https://www.amazon.in/Shalimar-Premium-Garbage-Medium-Rolls/dp/B07KT9Q54M,Shalimar Premium OXO - Biodegradable Garbage Bags (Medium) Size 19 x 21 Inches 4 Rolls 120 Bags Dustbin Bag/Trash Bag - Black Color,269,4.5 out of 5 stars,"18,734",,,,
https://www.amazon.in/Number-Backpack-Compartment-Charging-Organizer/dp/B09VTCNN75,"FUR JADEN Anti Theft Number Lock Backpack Bag with 15.6 Inch Laptop Compartment, USB Charging Port & Organizer Pocket for Men Women Boys Girls",639,4.1 out of 5 stars,"6,693",,,,
https://www.amazon.in/Half-Moon-Waterproof-Backpack-Students/dp/B085MHDJ93,"Half Moon 35L Water Resistant 15.6 inch Laptop Bag/ Backpack, Navy Blue | Office Bag for Men and Women with Padded Laptop Compartment | Rain Cover & Reflective Strips",399,3.9 out of 5 stars,"17,623",,,,
